result_group,model,checkpoint,dataset,method,temperature,miou,auprc,fpr95,num_images,num_ood_pixels,num_ind_pixels
anomaly_baselines,EoMT,eomt_coco,RoadAnomaly21,msp,1.0,,38.71805117931566,77.52158542523586,10,1317063,7578030
anomaly_baselines,EoMT,eomt_coco,RoadAnomaly21,maxlogit,1.0,,39.02551286843461,77.03345064614419,10,1317063,7578030
anomaly_baselines,EoMT,eomt_coco,RoadAnomaly21,entropy,1.0,,43.08147659955639,63.545987545575834,10,1317063,7578030
anomaly_baselines,EoMT,eomt_coco,RoadAnomaly21,rba,1.0,,41.488960376064135,71.68304955245624,10,1317063,7578030
anomaly_baselines,EoMT,eomt_coco,RoadObsticle21,msp,1.0,,2.7516464707493493,99.97984944130613,30,129782,19106170
anomaly_baselines,EoMT,eomt_coco,RoadObsticle21,maxlogit,1.0,,2.7464072718046686,99.98043563937723,30,129782,19106170
anomaly_baselines,EoMT,eomt_coco,RoadObsticle21,entropy,1.0,,8.288580376786761,99.98311016807659,30,129782,19106170
anomaly_baselines,EoMT,eomt_coco,RoadObsticle21,rba,1.0,,2.7704540952022634,99.94519571426403,30,129782,19106170
anomaly_baselines,EoMT,eomt_coco,RoadAnomaly,msp,1.0,,18.84913965664081,91.84777799663615,60,5446413,49849587
anomaly_baselines,EoMT,eomt_coco,RoadAnomaly,maxlogit,1.0,,19.007785043618085,91.57654204838246,60,5446413,49849587
anomaly_baselines,EoMT,eomt_coco,RoadAnomaly,entropy,1.0,,21.517097341625607,87.88909926174514,60,5446413,49849587
anomaly_baselines,EoMT,eomt_coco,RoadAnomaly,rba,1.0,,21.304803231323415,82.39053414825683,60,5446413,49849587
anomaly_baselines,EoMT,eomt_coco,fs_static,msp,1.0,,4.659001916442816,99.48092117751997,20,732524,34420206
anomaly_baselines,EoMT,eomt_coco,fs_static,maxlogit,1.0,,4.666524546335602,99.4622199530125,20,732524,34420206
anomaly_baselines,EoMT,eomt_coco,fs_static,entropy,1.0,,4.567454599694478,99.32666294908287,20,732524,34420206
anomaly_baselines,EoMT,eomt_coco,fs_static,rba,1.0,,4.077273696354527,93.92522810583992,20,732524,34420206
anomaly_baselines,EoMT,eomt_coco,FS_LostFound_full,msp,1.0,,3.7893197100075646,97.20518225498047,99,477664,168408155
anomaly_baselines,EoMT,eomt_coco,FS_LostFound_full,maxlogit,1.0,,3.7790941803294524,97.2029567095489,99,477664,168408155
anomaly_baselines,EoMT,eomt_coco,FS_LostFound_full,entropy,1.0,,3.7899036765901006,96.9060571918266,99,477664,168408155
anomaly_baselines,EoMT,eomt_coco,FS_LostFound_full,rba,1.0,,2.823879131172171,95.17003852930995,99,477664,168408155
anomaly_baselines,EoMT,eomt_cityscapes,RoadAnomaly21,msp,1.0,,68.09563873063868,30.422128178431596,10,1317063,7578030
anomaly_baselines,EoMT,eomt_cityscapes,RoadAnomaly21,maxlogit,1.0,,67.49119536018513,31.590571692115233,10,1317063,7578030
anomaly_baselines,EoMT,eomt_cityscapes,RoadAnomaly21,entropy,1.0,,68.37170536621619,30.61906590499114,10,1317063,7578030
anomaly_baselines,EoMT,eomt_cityscapes,RoadAnomaly21,rba,1.0,,67.87210532148492,31.591587787327313,10,1317063,7578030
anomaly_baselines,EoMT,eomt_cityscapes,RoadObsticle21,msp,1.0,,94.18765038906982,0.36658838479925593,30,129782,19106170
anomaly_baselines,EoMT,eomt_cityscapes,RoadObsticle21,maxlogit,1.0,,94.22573713395946,0.3625164017696901,30,129782,19106170
anomaly_baselines,EoMT,eomt_cityscapes,RoadObsticle21,entropy,1.0,,94.28295549674934,0.34885589314865306,30,129782,19106170
anomaly_baselines,EoMT,eomt_cityscapes,RoadObsticle21,rba,1.0,,94.17803789166507,0.338356666982446,30,129782,19106170
anomaly_baselines,EoMT,eomt_cityscapes,RoadAnomaly,msp,1.0,,71.35136317226491,15.447183143162249,60,5446413,49849587
anomaly_baselines,EoMT,eomt_cityscapes,RoadAnomaly,maxlogit,1.0,,70.76849199382829,15.062925195348159,60,5446413,49849587
anomaly_baselines,EoMT,eomt_cityscapes,RoadAnomaly,entropy,1.0,,74.19086462787737,14.68882380108786,60,5446413,49849587
anomaly_baselines,EoMT,eomt_cityscapes,RoadAnomaly,rba,1.0,,70.40796331367206,14.175485546149059,60,5446413,49849587
anomaly_baselines,EoMT,eomt_cityscapes,fs_static,msp,1.0,,58.1919895951857,43.46787756005877,20,732524,34420206
anomaly_baselines,EoMT,eomt_cityscapes,fs_static,maxlogit,1.0,,58.37164607207064,46.91512014774112,20,732524,34420206
anomaly_baselines,EoMT,eomt_cityscapes,fs_static,entropy,1.0,,56.9443329197621,43.803741325662024,20,732524,34420206
anomaly_baselines,EoMT,eomt_cityscapes,fs_static,rba,1.0,,59.56913284052917,47.054889793512565,20,732524,34420206
anomaly_baselines,EoMT,eomt_cityscapes,FS_LostFound_full,msp,1.0,,16.393849875477365,13.012709509227745,99,477664,168408155
anomaly_baselines,EoMT,eomt_cityscapes,FS_LostFound_full,maxlogit,1.0,,16.377438397172863,12.776338533012252,99,477664,168408155
anomaly_baselines,EoMT,eomt_cityscapes,FS_LostFound_full,entropy,1.0,,18.962785205018154,12.8271359543129,99,477664,168408155
anomaly_baselines,EoMT,eomt_cityscapes,FS_LostFound_full,rba,1.0,,16.364439876551273,12.700015031932391,99,477664,168408155
anomaly_baselines,EoMT,eomt_finetuned,RoadAnomaly21,msp,1.0,,70.76821826915815,13.600856687028159,10,1317063,7578030
anomaly_baselines,EoMT,eomt_finetuned,RoadAnomaly21,maxlogit,1.0,,69.57143749671721,16.129666945103146,10,1317063,7578030
anomaly_baselines,EoMT,eomt_finetuned,RoadAnomaly21,entropy,1.0,,68.83429912585008,14.98138698316053,10,1317063,7578030
anomaly_baselines,EoMT,eomt_finetuned,RoadAnomaly21,rba,1.0,,58.43124564654474,20.511043107509472,10,1317063,7578030
anomaly_baselines,EoMT,eomt_finetuned,RoadObsticle21,msp,1.0,,25.43563653062372,2.7168815100043595,30,129782,19106170
anomaly_baselines,EoMT,eomt_finetuned,RoadObsticle21,maxlogit,1.0,,24.453605568870344,2.786775162159658,30,129782,19106170
anomaly_baselines,EoMT,eomt_finetuned,RoadObsticle21,entropy,1.0,,24.158271028931864,2.783870341360932,30,129782,19106170
anomaly_baselines,EoMT,eomt_finetuned,RoadObsticle21,rba,1.0,,18.318807018728453,3.3209952596464913,30,129782,19106170
anomaly_baselines,EoMT,eomt_finetuned,RoadAnomaly,msp,1.0,,52.176485965836974,93.71364099766765,60,5446413,49849587
anomaly_baselines,EoMT,eomt_finetuned,RoadAnomaly,maxlogit,1.0,,51.55369494533466,93.24204631825737,60,5446413,49849587
anomaly_baselines,EoMT,eomt_finetuned,RoadAnomaly,entropy,1.0,,51.52712560576027,92.8493650308477,60,5446413,49849587
anomaly_baselines,EoMT,eomt_finetuned,RoadAnomaly,rba,1.0,,47.40939161259241,79.58764633295759,60,5446413,49849587
anomaly_baselines,EoMT,eomt_finetuned,fs_static,msp,1.0,,70.01144998195834,13.678174965019094,20,732524,34420206
anomaly_baselines,EoMT,eomt_finetuned,fs_static,maxlogit,1.0,,71.22701538617534,13.473885077852236,20,732524,34420206
anomaly_baselines,EoMT,eomt_finetuned,fs_static,entropy,1.0,,71.60368061303286,12.617245811951271,20,732524,34420206
anomaly_baselines,EoMT,eomt_finetuned,fs_static,rba,1.0,,71.04355692620362,12.46134320056074,20,732524,34420206
anomaly_baselines,EoMT,eomt_finetuned,FS_LostFound_full,msp,1.0,,34.33762473053539,15.927807652782612,99,477664,168408155
anomaly_baselines,EoMT,eomt_finetuned,FS_LostFound_full,maxlogit,1.0,,33.917335559180536,17.21182860770608,99,477664,168408155
anomaly_baselines,EoMT,eomt_finetuned,FS_LostFound_full,entropy,1.0,,34.87416868566116,23.823490614216396,99,477664,168408155
anomaly_baselines,EoMT,eomt_finetuned,FS_LostFound_full,rba,1.0,,24.802463227076196,19.11074852640004,99,477664,168408155
temperature_scaling,EoMT,eomt_coco,RoadAnomaly21,msp_t0.5,0.5,,38.457809246908035,78.23220546764792,10,1317063,7578030
temperature_scaling,EoMT,eomt_coco,RoadAnomaly21,msp_t0.75,0.75,,38.65369360856192,77.6521470619673,10,1317063,7578030
temperature_scaling,EoMT,eomt_coco,RoadAnomaly21,msp,1.0,,38.71805117931566,77.52158542523586,10,1317063,7578030
temperature_scaling,EoMT,eomt_coco,RoadAnomaly21,msp_t1.1,1.1,,38.733597305619924,77.49498220513775,10,1317063,7578030
temperature_scaling,EoMT,eomt_coco,RoadObsticle21,msp_t0.5,0.5,,2.7397144031341454,99.97952493880248,30,129782,19106170
temperature_scaling,EoMT,eomt_coco,RoadObsticle21,msp_t0.75,0.75,,2.748358824815808,99.97977616654725,30,129782,19106170
temperature_scaling,EoMT,eomt_coco,RoadObsticle21,msp,1.0,,2.7516464707493493,99.97984944130613,30,129782,19106170
temperature_scaling,EoMT,eomt_coco,RoadObsticle21,msp_t1.1,1.1,,2.7524835397365157,99.97987561086288,30,129782,19106170
temperature_scaling,EoMT,eomt_coco,RoadAnomaly,msp_t0.5,0.5,,18.78751202412698,92.01634509028129,60,5446413,49849587
temperature_scaling,EoMT,eomt_coco,RoadAnomaly,msp_t0.75,0.75,,18.830765733849248,91.89128688267768,60,5446413,49849587
temperature_scaling,EoMT,eomt_coco,RoadAnomaly,msp,1.0,,18.84913965664081,91.84777799663615,60,5446413,49849587
temperature_scaling,EoMT,eomt_coco,RoadAnomaly,msp_t1.1,1.1,,18.853153731367705,91.83703768699228,60,5446413,49849587
temperature_scaling,EoMT,eomt_coco,fs_static,msp_t0.5,0.5,,4.650297868407619,99.50114476363099,20,732524,34420206
temperature_scaling,EoMT,eomt_coco,fs_static,msp_t0.75,0.75,,4.656531641325685,99.48592114759569,20,732524,34420206
temperature_scaling,EoMT,eomt_coco,fs_static,msp,1.0,,4.659001916442816,99.48092117751997,20,732524,34420206
temperature_scaling,EoMT,eomt_coco,fs_static,msp_t1.1,1.1,,4.6595207190819545,99.47975325888521,20,732524,34420206
temperature_scaling,EoMT,eomt_coco,FS_LostFound_full,msp_t0.5,0.5,,3.780995858312887,97.21943275252912,99,477664,168408155
temperature_scaling,EoMT,eomt_coco,FS_LostFound_full,msp_t0.75,0.75,,3.786944791596082,97.20641616197267,99,477664,168408155
temperature_scaling,EoMT,eomt_coco,FS_LostFound_full,msp,1.0,,3.7893197100075646,97.20518225498047,99,477664,168408155
temperature_scaling,EoMT,eomt_coco,FS_LostFound_full,msp_t1.1,1.1,,3.7899345486801717,97.2058484935008,99,477664,168408155
temperature_scaling,EoMT,eomt_cityscapes,RoadAnomaly21,msp_t0.5,0.5,,67.94287082795915,30.416005215075685,10,1317063,7578030
temperature_scaling,EoMT,eomt_cityscapes,RoadAnomaly21,msp_t0.75,0.75,,68.03052477901113,30.419475774046816,10,1317063,7578030
temperature_scaling,EoMT,eomt_cityscapes,RoadAnomaly21,msp,1.0,,68.09563873063868,30.422128178431596,10,1317063,7578030
temperature_scaling,EoMT,eomt_cityscapes,RoadAnomaly21,msp_t1.1,1.1,,68.11713492821228,30.42274839239222,10,1317063,7578030
temperature_scaling,EoMT,eomt_cityscapes,RoadObsticle21,msp_t0.5,0.5,,94.1739371428372,0.3687133528069728,30,129782,19106170
temperature_scaling,EoMT,eomt_cityscapes,RoadObsticle21,msp_t0.75,0.75,,94.18363437956744,0.3673839393243125,30,129782,19106170
temperature_scaling,EoMT,eomt_cityscapes,RoadObsticle21,msp,1.0,,94.18765038906982,0.36658838479925593,30,129782,19106170
temperature_scaling,EoMT,eomt_cityscapes,RoadObsticle21,msp_t1.1,1.1,,94.18862371408119,0.36643136745878424,30,129782,19106170
temperature_scaling,EoMT,eomt_cityscapes,RoadAnomaly,msp_t0.5,0.5,,71.15141459722764,15.652207910970256,60,5446413,49849587
temperature_scaling,EoMT,eomt_cityscapes,RoadAnomaly,msp_t0.75,0.75,,71.26776521365635,15.495346029647147,60,5446413,49849587
temperature_scaling,EoMT,eomt_cityscapes,RoadAnomaly,msp,1.0,,71.35136317226491,15.447183143162249,60,5446413,49849587
temperature_scaling,EoMT,eomt_cityscapes,RoadAnomaly,msp_t1.1,1.1,,71.38002483822842,15.436242230050972,60,5446413,49849587
temperature_scaling,EoMT,eomt_cityscapes,fs_static,msp_t0.5,0.5,,58.16846372755191,43.45717744978052,20,732524,34420206
temperature_scaling,EoMT,eomt_cityscapes,fs_static,msp_t0.75,0.75,,58.18494539856691,43.46418786685937,20,732524,34420206
temperature_scaling,EoMT,eomt_cityscapes,fs_static,msp,1.0,,58.1919895951857,43.46787756005877,20,732524,34420206
temperature_scaling,EoMT,eomt_cityscapes,fs_static,msp_t1.1,1.1,,58.19377861751567,43.48152651962629,20,732524,34420206
temperature_scaling,EoMT,eomt_cityscapes,FS_LostFound_full,msp_t0.5,0.5,,16.381070492665785,13.019064308376278,99,477664,168408155
temperature_scaling,EoMT,eomt_cityscapes,FS_LostFound_full,msp_t0.75,0.75,,16.388361659181815,13.014767010540554,99,477664,168408155
temperature_scaling,EoMT,eomt_cityscapes,FS_LostFound_full,msp,1.0,,16.393849875477365,13.012709509227745,99,477664,168408155
temperature_scaling,EoMT,eomt_cityscapes,FS_LostFound_full,msp_t1.1,1.1,,16.39583058005375,13.011993391887703,99,477664,168408155
temperature_scaling,EoMT,eomt_finetuned,RoadAnomaly21,msp_t0.5,0.5,,70.75451481813693,13.680230877945851,10,1317063,7578030
temperature_scaling,EoMT,eomt_finetuned,RoadAnomaly21,msp_t0.75,0.75,,70.76617364311109,13.619661046472501,10,1317063,7578030
temperature_scaling,EoMT,eomt_finetuned,RoadAnomaly21,msp,1.0,,70.76821826915815,13.600856687028159,10,1317063,7578030
temperature_scaling,EoMT,eomt_finetuned,RoadAnomaly21,msp_t1.1,1.1,,70.76845109363153,13.596290856594656,10,1317063,7578030
temperature_scaling,EoMT,eomt_finetuned,RoadObsticle21,msp_t0.5,0.5,,25.427664167015863,2.715876599025341,30,129782,19106170
temperature_scaling,EoMT,eomt_finetuned,RoadObsticle21,msp_t0.75,0.75,,25.43366349362101,2.719676418664756,30,129782,19106170
temperature_scaling,EoMT,eomt_finetuned,RoadObsticle21,msp,1.0,,25.43563653062372,2.7168815100043595,30,129782,19106170
temperature_scaling,EoMT,eomt_finetuned,RoadObsticle21,msp_t1.1,1.1,,25.435995267946687,2.7170385273448314,30,129782,19106170
temperature_scaling,EoMT,eomt_finetuned,RoadAnomaly,msp_t0.5,0.5,,52.14368550580401,93.86699231831147,60,5446413,49849587
temperature_scaling,EoMT,eomt_finetuned,RoadAnomaly,msp_t0.75,0.75,,52.16704003241111,93.75005855113704,60,5446413,49849587
temperature_scaling,EoMT,eomt_finetuned,RoadAnomaly,msp,1.0,,52.176485965836974,93.71364099766765,60,5446413,49849587
temperature_scaling,EoMT,eomt_finetuned,RoadAnomaly,msp_t1.1,1.1,,52.1788577649354,93.70375525879481,60,5446413,49849587
temperature_scaling,EoMT,eomt_finetuned,fs_static,msp_t0.5,0.5,,69.93456487361965,13.873667693912118,20,732524,34420206
temperature_scaling,EoMT,eomt_finetuned,fs_static,msp_t0.75,0.75,,69.98777248602161,13.736355906760117,20,732524,34420206
temperature_scaling,EoMT,eomt_finetuned,fs_static,msp,1.0,,70.01144998195834,13.678174965019094,20,732524,34420206
temperature_scaling,EoMT,eomt_finetuned,fs_static,msp_t1.1,1.1,,70.01755818701479,13.66349172924764,20,732524,34420206
temperature_scaling,EoMT,eomt_finetuned,FS_LostFound_full,msp_t0.5,0.5,,34.23933214525758,15.688113797102046,99,477664,168408155
temperature_scaling,EoMT,eomt_finetuned,FS_LostFound_full,msp_t0.75,0.75,,34.30795483856447,15.71877383253798,99,477664,168408155
temperature_scaling,EoMT,eomt_finetuned,FS_LostFound_full,msp,1.0,,34.33762473053539,15.927807652782612,99,477664,168408155
temperature_scaling,EoMT,eomt_finetuned,FS_LostFound_full,msp_t1.1,1.1,,34.345245238800985,15.984221191663789,99,477664,168408155
